ProfileID,ProfileDescription,Variant,SNR_dB,FER_Overall,FER_Wilson_Lower,FER_Wilson_Upper
P1,Profile P1: Tx15m / 20km / Rx34m,IAE,-16,0.774,0.758689,0.788611
P1,Profile P1: Tx15m / 20km / Rx34m,IAE,-15,0.459,0.441232,0.476873
P1,Profile P1: Tx15m / 20km / Rx34m,IAE,-14,0.2087,0.194503,0.223576
P1,Profile P1: Tx15m / 20km / Rx34m,IAE,-13,0.0743,0.065481,0.084274
P1,Profile P1: Tx15m / 20km / Rx34m,IAE,-12,0.0237,0.018806,0.029746
P1,Profile P1: Tx15m / 20km / Rx34m,IAE,-11,0.0047,0.002782,0.007818
P1,Profile P1: Tx15m / 20km / Rx34m,IAE,-10,0.0013,0.000519,0.003424
P1,Profile P1: Tx15m / 20km / Rx34m,VB-FQ,-16,0.718,0.701627,0.733815
P1,Profile P1: Tx15m / 20km / Rx34m,VB-FQ,-15,0.3923,0.375009,0.409933
P1,Profile P1: Tx15m / 20km / Rx34m,VB-FQ,-14,0.1627,0.149893,0.176303
P1,Profile P1: Tx15m / 20km / Rx34m,VB-FQ,-13,0.0537,0.046158,0.062317
P1,Profile P1: Tx15m / 20km / Rx34m,VB-FQ,-12,0.018,0.013822,0.023411
P1,Profile P1: Tx15m / 20km / Rx34m,VB-FQ,-11,0.0073,0.004848,0.011079
P1,Profile P1: Tx15m / 20km / Rx34m,VB-FQ,-10,0.002,0.000917,0.004357
P1,Profile P1: Tx15m / 20km / Rx34m,E-FQ,-16,0.72,0.703659,0.735778
P1,Profile P1: Tx15m / 20km / Rx34m,E-FQ,-15,0.4037,0.386244,0.421336
P1,Profile P1: Tx15m / 20km / Rx34m,E-FQ,-14,0.1717,0.158595,0.185578
P1,Profile P1: Tx15m / 20km / Rx34m,E-FQ,-13,0.061,0.052984,0.070139
P1,Profile P1: Tx15m / 20km / Rx34m,E-FQ,-12,0.018,0.013822,0.023411
P1,Profile P1: Tx15m / 20km / Rx34m,E-FQ,-11,0.0077,0.005114,0.011478
P1,Profile P1: Tx15m / 20km / Rx34m,E-FQ,-10,0.0027,0.001352,0.005254
P2,Profile P2: Tx15m / 20km / Rx3467m,IAE,-16,0.999,0.997064,0.99966
P2,Profile P2: Tx15m / 20km / Rx3467m,IAE,-15,0.98,0.974342,0.98443
P2,Profile P2: Tx15m / 20km / Rx3467m,IAE,-14,0.8707,0.858183,0.882202
P2,Profile P2: Tx15m / 20km / Rx3467m,IAE,-13,0.6283,0.610887,0.645452
P2,Profile P2: Tx15m / 20km / Rx3467m,IAE,-12,0.3243,0.307816,0.3413
P2,Profile P2: Tx15m / 20km / Rx3467m,IAE,-11,0.126,0.114601,0.138355
P2,Profile P2: Tx15m / 20km / Rx3467m,IAE,-10,0.0383,0.032032,0.045815
P2,Profile P2: Tx15m / 20km / Rx3467m,VB-FQ,-16,0.9973,0.994746,0.998648
P2,Profile P2: Tx15m / 20km / Rx3467m,VB-FQ,-15,0.9683,0.961444,0.974025
P2,Profile P2: Tx15m / 20km / Rx3467m,VB-FQ,-14,0.824,0.809961,0.837211
P2,Profile P2: Tx15m / 20km / Rx3467m,VB-FQ,-13,0.541,0.523127,0.558768
P2,Profile P2: Tx15m / 20km / Rx3467m,VB-FQ,-12,0.2553,0.240049,0.271243
P2,Profile P2: Tx15m / 20km / Rx3467m,VB-FQ,-11,0.0883,0.078698,0.099022
P2,Profile P2: Tx15m / 20km / Rx3467m,VB-FQ,-10,0.0313,0.025674,0.038192
P2,Profile P2: Tx15m / 20km / Rx3467m,E-FQ,-16,0.9987,0.996576,0.999481
P2,Profile P2: Tx15m / 20km / Rx3467m,E-FQ,-15,0.9683,0.961444,0.974025
P2,Profile P2: Tx15m / 20km / Rx3467m,E-FQ,-14,0.8357,0.821978,0.848497
P2,Profile P2: Tx15m / 20km / Rx3467m,E-FQ,-13,0.5543,0.536489,0.572039
P2,Profile P2: Tx15m / 20km / Rx3467m,E-FQ,-12,0.2687,0.253108,0.284817
P2,Profile P2: Tx15m / 20km / Rx3467m,E-FQ,-11,0.1023,0.091991,0.113693
P2,Profile P2: Tx15m / 20km / Rx3467m,E-FQ,-10,0.0367,0.030512,0.044006
P3,Profile P3: Tx100m / 45km / Rx110m,IAE,-16,0.7153,0.698918,0.731198
P3,Profile P3: Tx100m / 45km / Rx110m,IAE,-15,0.4163,0.398811,0.434069
P3,Profile P3: Tx100m / 45km / Rx110m,IAE,-14,0.1867,0.173127,0.201007
P3,Profile P3: Tx100m / 45km / Rx110m,IAE,-13,0.0683,0.059845,0.077926
P3,Profile P3: Tx100m / 45km / Rx110m,IAE,-12,0.019,0.014694,0.024536
P3,Profile P3: Tx100m / 45km / Rx110m,IAE,-11,0.007,0.004583,0.010678
P3,Profile P3: Tx100m / 45km / Rx110m,IAE,-10,0.0033,0.001812,0.006125
P3,Profile P3: Tx100m / 45km / Rx110m,VB-FQ,-16,0.6093,0.591745,0.626642
P3,Profile P3: Tx100m / 45km / Rx110m,VB-FQ,-15,0.3243,0.307816,0.3413
P3,Profile P3: Tx100m / 45km / Rx110m,VB-FQ,-14,0.145,0.132854,0.158054
P3,Profile P3: Tx100m / 45km / Rx110m,VB-FQ,-13,0.049,0.041835,0.057318
P3,Profile P3: Tx100m / 45km / Rx110m,VB-FQ,-12,0.014,0.010374,0.018869
P3,Profile P3: Tx100m / 45km / Rx110m,VB-FQ,-11,0.004,0.00229,0.006979
P3,Profile P3: Tx100m / 45km / Rx110m,VB-FQ,-10,0.001,0.00034,0.002936
P3,Profile P3: Tx100m / 45km / Rx110m,E-FQ,-16,0.6387,0.621309,0.65567
P3,Profile P3: Tx100m / 45km / Rx110m,E-FQ,-15,0.3333,0.316687,0.350406
P3,Profile P3: Tx100m / 45km / Rx110m,E-FQ,-14,0.1513,0.138955,0.164603
P3,Profile P3: Tx100m / 45km / Rx110m,E-FQ,-13,0.051,0.043686,0.059463
P3,Profile P3: Tx100m / 45km / Rx110m,E-FQ,-12,0.0147,0.010944,0.019631
P3,Profile P3: Tx100m / 45km / Rx110m,E-FQ,-11,0.0037,0.002049,0.006554
P3,Profile P3: Tx100m / 45km / Rx110m,E-FQ,-10,0.0023,0.001131,0.004809
