ProfileID,ProfileDescription,Variant,SNR_dB,Trials_Total,Trials_Valid,ReceiverFailCount,ReceiverFailRate,BitErrors_Valid,Bits_Valid,BER_Valid,BER_Wilson_Lower,BER_Wilson_Upper,FrameErrors_Valid,FER_Valid,FrameErrors_Overall,FER_Overall,FER_Wilson_Lower,FER_Wilson_Upper
P1,Profile P1: Tx15m / 20km / Rx34m,IAE,-16,3000,3000,0,0.0000,20481,360000,0.056892,0.056140,0.057653,2322,0.7740,2322,0.7740,0.758689,0.788611
P1,Profile P1: Tx15m / 20km / Rx34m,IAE,-15,3000,3000,0,0.0000,8726,360000,0.024239,0.023742,0.024746,1377,0.4590,1377,0.4590,0.441232,0.476873
P1,Profile P1: Tx15m / 20km / Rx34m,IAE,-14,3000,3000,0,0.0000,3431,360000,0.009531,0.009218,0.009853,626,0.2087,626,0.2087,0.194503,0.223576
P1,Profile P1: Tx15m / 20km / Rx34m,IAE,-13,3000,3000,0,0.0000,1232,360000,0.003422,0.003237,0.003618,223,0.0743,223,0.0743,0.065481,0.084274
P1,Profile P1: Tx15m / 20km / Rx34m,IAE,-12,3000,3000,0,0.0000,386,360000,0.001072,0.000971,0.001185,71,0.0237,71,0.0237,0.018806,0.029746
P1,Profile P1: Tx15m / 20km / Rx34m,IAE,-11,3000,3000,0,0.0000,80,360000,0.000222,0.000179,0.000277,14,0.0047,14,0.0047,0.002782,0.007818
P1,Profile P1: Tx15m / 20km / Rx34m,IAE,-10,3000,3000,0,0.0000,6,360000,0.000017,0.000008,0.000036,4,0.0013,4,0.0013,0.000519,0.003424
P1,Profile P1: Tx15m / 20km / Rx34m,VB-FQ,-16,3000,3000,0,0.0000,17139,360000,0.047608,0.046918,0.048309,2154,0.7180,2154,0.7180,0.701627,0.733815
P1,Profile P1: Tx15m / 20km / Rx34m,VB-FQ,-15,3000,3000,0,0.0000,8482,360000,0.023561,0.023071,0.024062,1177,0.3923,1177,0.3923,0.375009,0.409933
P1,Profile P1: Tx15m / 20km / Rx34m,VB-FQ,-14,3000,3000,0,0.0000,2851,360000,0.007919,0.007635,0.008214,488,0.1627,488,0.1627,0.149893,0.176303
P1,Profile P1: Tx15m / 20km / Rx34m,VB-FQ,-13,3000,3000,0,0.0000,861,360000,0.002392,0.002237,0.002557,161,0.0537,161,0.0537,0.046158,0.062317
P1,Profile P1: Tx15m / 20km / Rx34m,VB-FQ,-12,3000,3000,0,0.0000,344,360000,0.000956,0.000860,0.001062,54,0.0180,54,0.0180,0.013822,0.023411
P1,Profile P1: Tx15m / 20km / Rx34m,VB-FQ,-11,3000,3000,0,0.0000,200,360000,0.000556,0.000484,0.000638,22,0.0073,22,0.0073,0.004848,0.011079
P1,Profile P1: Tx15m / 20km / Rx34m,VB-FQ,-10,3000,3000,0,0.0000,14,360000,0.000039,0.000023,0.000065,6,0.0020,6,0.0020,0.000917,0.004357
P1,Profile P1: Tx15m / 20km / Rx34m,E-FQ,-16,3000,3000,0,0.0000,23021,360000,0.063947,0.063153,0.064751,2160,0.7200,2160,0.7200,0.703659,0.735778
P1,Profile P1: Tx15m / 20km / Rx34m,E-FQ,-15,3000,3000,0,0.0000,11873,360000,0.032981,0.032402,0.033569,1211,0.4037,1211,0.4037,0.386244,0.421336
P1,Profile P1: Tx15m / 20km / Rx34m,E-FQ,-14,3000,3000,0,0.0000,5133,360000,0.014258,0.013876,0.014651,515,0.1717,515,0.1717,0.158595,0.185578
P1,Profile P1: Tx15m / 20km / Rx34m,E-FQ,-13,3000,3000,0,0.0000,1797,360000,0.004992,0.004767,0.005227,183,0.0610,183,0.0610,0.052984,0.070139
P1,Profile P1: Tx15m / 20km / Rx34m,E-FQ,-12,3000,3000,0,0.0000,864,360000,0.002400,0.002245,0.002565,54,0.0180,54,0.0180,0.013822,0.023411
P1,Profile P1: Tx15m / 20km / Rx34m,E-FQ,-11,3000,3000,0,0.0000,364,360000,0.001011,0.000912,0.001120,23,0.0077,23,0.0077,0.005114,0.011478
P1,Profile P1: Tx15m / 20km / Rx34m,E-FQ,-10,3000,3000,0,0.0000,217,360000,0.000603,0.000528,0.000688,8,0.0027,8,0.0027,0.001352,0.005254
P2,Profile P2: Tx15m / 20km / Rx3467m,IAE,-16,3000,3000,0,0.0000,70042,360000,0.194561,0.193271,0.195858,2997,0.9990,2997,0.9990,0.997064,0.999660
P2,Profile P2: Tx15m / 20km / Rx3467m,IAE,-15,3000,3000,0,0.0000,44723,360000,0.124231,0.123157,0.125312,2940,0.9800,2940,0.9800,0.974342,0.984430
P2,Profile P2: Tx15m / 20km / Rx3467m,IAE,-14,3000,3000,0,0.0000,28281,360000,0.078558,0.077684,0.079442,2612,0.8707,2612,0.8707,0.858183,0.882202
P2,Profile P2: Tx15m / 20km / Rx3467m,IAE,-13,3000,3000,0,0.0000,15176,360000,0.042156,0.041504,0.042817,1885,0.6283,1885,0.6283,0.610887,0.645452
P2,Profile P2: Tx15m / 20km / Rx3467m,IAE,-12,3000,3000,0,0.0000,7268,360000,0.020189,0.019735,0.020653,973,0.3243,973,0.3243,0.307816,0.341300
P2,Profile P2: Tx15m / 20km / Rx3467m,IAE,-11,3000,3000,0,0.0000,2280,360000,0.006333,0.006079,0.006598,378,0.1260,378,0.1260,0.114601,0.138355
P2,Profile P2: Tx15m / 20km / Rx3467m,IAE,-10,3000,3000,0,0.0000,676,360000,0.001878,0.001742,0.002025,115,0.0383,115,0.0383,0.032032,0.045815
P2,Profile P2: Tx15m / 20km / Rx3467m,VB-FQ,-16,3000,3000,0,0.0000,61088,360000,0.169689,0.168466,0.170919,2992,0.9973,2992,0.9973,0.994746,0.998648
P2,Profile P2: Tx15m / 20km / Rx3467m,VB-FQ,-15,3000,3000,0,0.0000,41135,360000,0.114264,0.113229,0.115307,2905,0.9683,2905,0.9683,0.961444,0.974025
P2,Profile P2: Tx15m / 20km / Rx3467m,VB-FQ,-14,3000,3000,0,0.0000,23568,360000,0.065467,0.064663,0.066279,2472,0.8240,2472,0.8240,0.809961,0.837211
P2,Profile P2: Tx15m / 20km / Rx3467m,VB-FQ,-13,3000,3000,0,0.0000,13122,360000,0.036450,0.035843,0.037067,1623,0.5410,1623,0.5410,0.523127,0.558768
P2,Profile P2: Tx15m / 20km / Rx3467m,VB-FQ,-12,3000,3000,0,0.0000,5836,360000,0.016211,0.015804,0.016629,766,0.2553,766,0.2553,0.240049,0.271243
P2,Profile P2: Tx15m / 20km / Rx3467m,VB-FQ,-11,3000,3000,0,0.0000,2205,360000,0.006125,0.005875,0.006385,265,0.0883,265,0.0883,0.078698,0.099022
P2,Profile P2: Tx15m / 20km / Rx3467m,VB-FQ,-10,3000,3000,0,0.0000,875,360000,0.002431,0.002275,0.002597,94,0.0313,94,0.0313,0.025674,0.038192
P2,Profile P2: Tx15m / 20km / Rx3467m,E-FQ,-16,3000,3000,0,0.0000,69826,360000,0.193961,0.192673,0.195256,2996,0.9987,2996,0.9987,0.996576,0.999481
P2,Profile P2: Tx15m / 20km / Rx3467m,E-FQ,-15,3000,3000,0,0.0000,50383,360000,0.139953,0.138823,0.141090,2905,0.9683,2905,0.9683,0.961444,0.974025
P2,Profile P2: Tx15m / 20km / Rx3467m,E-FQ,-14,3000,3000,0,0.0000,31547,360000,0.087631,0.086711,0.088559,2507,0.8357,2507,0.8357,0.821978,0.848497
P2,Profile P2: Tx15m / 20km / Rx3467m,E-FQ,-13,3000,3000,0,0.0000,17987,360000,0.049964,0.049257,0.050680,1663,0.5543,1663,0.5543,0.536489,0.572039
P2,Profile P2: Tx15m / 20km / Rx3467m,E-FQ,-12,3000,3000,0,0.0000,8905,360000,0.024736,0.024234,0.025249,806,0.2687,806,0.2687,0.253108,0.284817
P2,Profile P2: Tx15m / 20km / Rx3467m,E-FQ,-11,3000,3000,0,0.0000,3841,360000,0.010669,0.010339,0.011010,307,0.1023,307,0.1023,0.091991,0.113693
P2,Profile P2: Tx15m / 20km / Rx3467m,E-FQ,-10,3000,3000,0,0.0000,1554,360000,0.004317,0.004108,0.004536,110,0.0367,110,0.0367,0.030512,0.044006
P3,Profile P3: Tx100m / 45km / Rx110m,IAE,-16,3000,3000,0,0.0000,16373,360000,0.045481,0.044805,0.046166,2146,0.7153,2146,0.7153,0.698918,0.731198
P3,Profile P3: Tx100m / 45km / Rx110m,IAE,-15,3000,3000,0,0.0000,8367,360000,0.023242,0.022755,0.023739,1249,0.4163,1249,0.4163,0.398811,0.434069
P3,Profile P3: Tx100m / 45km / Rx110m,IAE,-14,3000,3000,0,0.0000,3913,360000,0.010869,0.010536,0.011213,560,0.1867,560,0.1867,0.173127,0.201007
P3,Profile P3: Tx100m / 45km / Rx110m,IAE,-13,3000,3000,0,0.0000,1153,360000,0.003203,0.003023,0.003393,205,0.0683,205,0.0683,0.059845,0.077926
P3,Profile P3: Tx100m / 45km / Rx110m,IAE,-12,3000,3000,0,0.0000,432,360000,0.001200,0.001092,0.001319,57,0.0190,57,0.0190,0.014694,0.024536
P3,Profile P3: Tx100m / 45km / Rx110m,IAE,-11,3000,3000,0,0.0000,154,360000,0.000428,0.000365,0.000501,21,0.0070,21,0.0070,0.004583,0.010678
P3,Profile P3: Tx100m / 45km / Rx110m,IAE,-10,3000,3000,0,0.0000,12,360000,0.000033,0.000019,0.000058,10,0.0033,10,0.0033,0.001812,0.006125
P3,Profile P3: Tx100m / 45km / Rx110m,VB-FQ,-16,3000,3000,0,0.0000,13227,360000,0.036742,0.036132,0.037361,1828,0.6093,1828,0.6093,0.591745,0.626642
P3,Profile P3: Tx100m / 45km / Rx110m,VB-FQ,-15,3000,3000,0,0.0000,6124,360000,0.017011,0.016594,0.017439,973,0.3243,973,0.3243,0.307816,0.341300
P3,Profile P3: Tx100m / 45km / Rx110m,VB-FQ,-14,3000,3000,0,0.0000,2700,360000,0.007500,0.007223,0.007787,435,0.1450,435,0.1450,0.132854,0.158054
P3,Profile P3: Tx100m / 45km / Rx110m,VB-FQ,-13,3000,3000,0,0.0000,886,360000,0.002461,0.002304,0.002628,147,0.0490,147,0.0490,0.041835,0.057318
P3,Profile P3: Tx100m / 45km / Rx110m,VB-FQ,-12,3000,3000,0,0.0000,245,360000,0.000681,0.000601,0.000771,42,0.0140,42,0.0140,0.010374,0.018869
P3,Profile P3: Tx100m / 45km / Rx110m,VB-FQ,-11,3000,3000,0,0.0000,78,360000,0.000217,0.000174,0.000270,12,0.0040,12,0.0040,0.002290,0.006979
P3,Profile P3: Tx100m / 45km / Rx110m,VB-FQ,-10,3000,3000,0,0.0000,5,360000,0.000014,0.000006,0.000033,3,0.0010,3,0.0010,0.000340,0.002936
P3,Profile P3: Tx100m / 45km / Rx110m,E-FQ,-16,3000,3000,0,0.0000,19926,360000,0.055350,0.054608,0.056102,1916,0.6387,1916,0.6387,0.621309,0.655670
P3,Profile P3: Tx100m / 45km / Rx110m,E-FQ,-15,3000,3000,0,0.0000,9735,360000,0.027042,0.026517,0.027577,1000,0.3333,1000,0.3333,0.316687,0.350406
P3,Profile P3: Tx100m / 45km / Rx110m,E-FQ,-14,3000,3000,0,0.0000,4118,360000,0.011439,0.011097,0.011792,454,0.1513,454,0.1513,0.138955,0.164603
P3,Profile P3: Tx100m / 45km / Rx110m,E-FQ,-13,3000,3000,0,0.0000,1532,360000,0.004256,0.004048,0.004474,153,0.0510,153,0.0510,0.043686,0.059463
P3,Profile P3: Tx100m / 45km / Rx110m,E-FQ,-12,3000,3000,0,0.0000,594,360000,0.001650,0.001523,0.001788,44,0.0147,44,0.0147,0.010944,0.019631
P3,Profile P3: Tx100m / 45km / Rx110m,E-FQ,-11,3000,3000,0,0.0000,122,360000,0.000339,0.000284,0.000405,11,0.0037,11,0.0037,0.002049,0.006554
P3,Profile P3: Tx100m / 45km / Rx110m,E-FQ,-10,3000,3000,0,0.0000,136,360000,0.000378,0.000319,0.000447,7,0.0023,7,0.0023,0.001131,0.004809
