ProfileID,ProfileDescription,Variant_or_Comparison,Metric,PilotValue,PaperValue,Difference,RelativeDifference,DirectionConsistent
P1,Profile P1: Tx15m / 20km / Rx34m,IAE,SNR50,-15,-15,0,NaN,NA
P1,Profile P1: Tx15m / 20km / Rx34m,IAE,SNR05,-12,-12,0,NaN,NA
P1,Profile P1: Tx15m / 20km / Rx34m,VB-FQ,SNR50,-15,-15,0,NaN,NA
P1,Profile P1: Tx15m / 20km / Rx34m,VB-FQ,SNR05,-13,-12,1,NaN,NA
P1,Profile P1: Tx15m / 20km / Rx34m,E-FQ,SNR50,-15,-15,0,NaN,NA
P1,Profile P1: Tx15m / 20km / Rx34m,E-FQ,SNR05,-12,-12,0,NaN,NA
P2,Profile P2: Tx15m / 20km / Rx3467m,IAE,SNR50,-12,-12,0,NaN,NA
P2,Profile P2: Tx15m / 20km / Rx3467m,IAE,SNR05,-10,-10,0,NaN,NA
P2,Profile P2: Tx15m / 20km / Rx3467m,VB-FQ,SNR50,-13,-12,1,NaN,NA
P2,Profile P2: Tx15m / 20km / Rx3467m,VB-FQ,SNR05,-10,-10,0,NaN,NA
P2,Profile P2: Tx15m / 20km / Rx3467m,E-FQ,SNR50,-13,-12,1,NaN,NA
P2,Profile P2: Tx15m / 20km / Rx3467m,E-FQ,SNR05,-10,-10,0,NaN,NA
P3,Profile P3: Tx100m / 45km / Rx110m,IAE,SNR50,-15,-15,0,NaN,NA
P3,Profile P3: Tx100m / 45km / Rx110m,IAE,SNR05,-13,-12,1,NaN,NA
P3,Profile P3: Tx100m / 45km / Rx110m,VB-FQ,SNR50,-15,-15,0,NaN,NA
P3,Profile P3: Tx100m / 45km / Rx110m,VB-FQ,SNR05,-12,-13,-1,NaN,NA
P3,Profile P3: Tx100m / 45km / Rx110m,E-FQ,SNR50,-15,-15,0,NaN,NA
P3,Profile P3: Tx100m / 45km / Rx110m,E-FQ,SNR05,-12,-12,0,NaN,NA
P1,Profile P1: Tx15m / 20km / Rx34m,IAE,Overall_RMSE,0.536452,0.535668,-0.00078403,-0.146151,NA
P1,Profile P1: Tx15m / 20km / Rx34m,IAE,Fade_RMSE,0.540113,0.550518,0.010405,1.92645,NA
P1,Profile P1: Tx15m / 20km / Rx34m,VB-FQ,Overall_RMSE,0.48698,0.486268,-0.000711436,-0.146091,NA
P1,Profile P1: Tx15m / 20km / Rx34m,VB-FQ,Fade_RMSE,0.49288,0.50033,0.00745011,1.51155,NA
P1,Profile P1: Tx15m / 20km / Rx34m,E-FQ,Overall_RMSE,0.473048,0.474301,0.00125268,0.264811,NA
P1,Profile P1: Tx15m / 20km / Rx34m,E-FQ,Fade_RMSE,0.450139,0.457426,0.00728758,1.61896,NA
P1,Profile P1: Tx15m / 20km / Rx34m,E-FQ/IAE,Overall,0.881809,0.885438,0.0036292,0.411564,TRUE
P1,Profile P1: Tx15m / 20km / Rx34m,E-FQ/IAE,Fade,0.833416,0.830902,-0.00251424,-0.301679,TRUE
P1,Profile P1: Tx15m / 20km / Rx34m,E-FQ/VB-FQ,Overall,0.971392,0.975389,0.00399731,0.411504,TRUE
P1,Profile P1: Tx15m / 20km / Rx34m,E-FQ/VB-FQ,Fade,0.913283,0.914249,0.000966394,0.105815,TRUE
P1,Profile P1: Tx15m / 20km / Rx34m,E-FQ,m_PRE,0.973329,0.973779,0.000449635,0.0461956,NA
P1,Profile P1: Tx15m / 20km / Rx34m,E-FQ,m_FADE,0.817492,0.81815,0.000658591,0.0805624,NA
P1,Profile P1: Tx15m / 20km / Rx34m,E-FQ,ReffRvb_PRE,1.04362,1.0434,-0.000219181,-0.021002,NA
P1,Profile P1: Tx15m / 20km / Rx34m,E-FQ,ReffRvb_FADE,1.48456,1.48224,-0.00231557,-0.155977,NA
P1,Profile P1: Tx15m / 20km / Rx34m,E-FQ,K_PRE,0.43087,0.430282,-0.00058722,-0.136287,NA
P1,Profile P1: Tx15m / 20km / Rx34m,E-FQ,K_FADE,0.368387,0.367476,-0.00091074,-0.247224,NA
P1,Profile P1: Tx15m / 20km / Rx34m,E-FQ,Q11,0.05,0.05,0,0,NA
P1,Profile P1: Tx15m / 20km / Rx34m,E-FQ,Q22,0.002,0.002,0,0,NA
P2,Profile P2: Tx15m / 20km / Rx3467m,IAE,Overall_RMSE,0.401602,0.401994,0.000392019,0.0976139,NA
P2,Profile P2: Tx15m / 20km / Rx3467m,IAE,Fade_RMSE,0.429663,0.427497,-0.00216565,-0.504035,NA
P2,Profile P2: Tx15m / 20km / Rx3467m,VB-FQ,Overall_RMSE,0.321353,0.323216,0.00186319,0.579795,NA
P2,Profile P2: Tx15m / 20km / Rx3467m,VB-FQ,Fade_RMSE,0.342931,0.352495,0.00956333,2.7887,NA
P2,Profile P2: Tx15m / 20km / Rx3467m,E-FQ,Overall_RMSE,0.312034,0.313042,0.00100849,0.323199,NA
P2,Profile P2: Tx15m / 20km / Rx3467m,E-FQ,Fade_RMSE,0.305137,0.312653,0.00751587,2.46311,NA
P2,Profile P2: Tx15m / 20km / Rx3467m,E-FQ/IAE,Overall,0.776973,0.778724,0.00175103,0.225366,TRUE
P2,Profile P2: Tx15m / 20km / Rx3467m,E-FQ/IAE,Fade,0.710178,0.731356,0.0211788,2.98218,TRUE
P2,Profile P2: Tx15m / 20km / Rx3467m,E-FQ/VB-FQ,Overall,0.971,0.968523,-0.00247718,-0.255116,TRUE
P2,Profile P2: Tx15m / 20km / Rx3467m,E-FQ/VB-FQ,Fade,0.88979,0.886972,-0.00281844,-0.316754,TRUE
P2,Profile P2: Tx15m / 20km / Rx3467m,E-FQ,m_PRE,1,1,0,0,NA
P2,Profile P2: Tx15m / 20km / Rx3467m,E-FQ,m_FADE,0.861772,0.860585,-0.00118717,-0.13776,NA
P2,Profile P2: Tx15m / 20km / Rx3467m,E-FQ,ReffRvb_PRE,1,1,0,0,NA
P2,Profile P2: Tx15m / 20km / Rx3467m,E-FQ,ReffRvb_FADE,1.33744,1.34104,0.00359544,0.26883,NA
P2,Profile P2: Tx15m / 20km / Rx3467m,E-FQ,K_PRE,0.446788,0.450333,0.00354548,0.793548,NA
P2,Profile P2: Tx15m / 20km / Rx3467m,E-FQ,K_FADE,0.375061,0.375837,0.000776552,0.207047,NA
P2,Profile P2: Tx15m / 20km / Rx3467m,E-FQ,Q11,0.05,0.05,0,0,NA
P2,Profile P2: Tx15m / 20km / Rx3467m,E-FQ,Q22,0.002,0.002,0,0,NA
P3,Profile P3: Tx100m / 45km / Rx110m,IAE,Overall_RMSE,0.370105,0.373218,0.00311275,0.841044,NA
P3,Profile P3: Tx100m / 45km / Rx110m,IAE,Fade_RMSE,0.380144,0.382697,0.00255362,0.671752,NA
P3,Profile P3: Tx100m / 45km / Rx110m,VB-FQ,Overall_RMSE,0.275597,0.274131,-0.00146582,-0.531871,NA
P3,Profile P3: Tx100m / 45km / Rx110m,VB-FQ,Fade_RMSE,0.28619,0.288933,0.00274343,0.958607,NA
P3,Profile P3: Tx100m / 45km / Rx110m,E-FQ,Overall_RMSE,0.262916,0.262593,-0.000322711,-0.122743,NA
P3,Profile P3: Tx100m / 45km / Rx110m,E-FQ,Fade_RMSE,0.246528,0.248858,0.00233057,0.945357,NA
P3,Profile P3: Tx100m / 45km / Rx110m,E-FQ/IAE,Overall,0.71038,0.703591,-0.00678945,-0.955749,TRUE
P3,Profile P3: Tx100m / 45km / Rx110m,E-FQ/IAE,Fade,0.648512,0.650274,0.00176252,0.27178,TRUE
P3,Profile P3: Tx100m / 45km / Rx110m,E-FQ/VB-FQ,Overall,0.953986,0.95791,0.00392389,0.411315,TRUE
P3,Profile P3: Tx100m / 45km / Rx110m,E-FQ/VB-FQ,Fade,0.861413,0.8613,-0.000113052,-0.013124,TRUE
P3,Profile P3: Tx100m / 45km / Rx110m,E-FQ,m_PRE,0.996588,0.995883,-0.000705258,-0.0707673,NA
P3,Profile P3: Tx100m / 45km / Rx110m,E-FQ,m_FADE,0.852871,0.850048,-0.0028239,-0.331104,NA
P3,Profile P3: Tx100m / 45km / Rx110m,E-FQ,ReffRvb_PRE,1,1,0,0,NA
P3,Profile P3: Tx100m / 45km / Rx110m,E-FQ,ReffRvb_FADE,1.36475,1.37359,0.00883792,0.647585,NA
P3,Profile P3: Tx100m / 45km / Rx110m,E-FQ,K_PRE,0.429712,0.42808,-0.00163172,-0.379725,NA
P3,Profile P3: Tx100m / 45km / Rx110m,E-FQ,K_FADE,0.364861,0.363246,-0.00161526,-0.442707,NA
P3,Profile P3: Tx100m / 45km / Rx110m,E-FQ,Q11,0.05,0.05,0,0,NA
P3,Profile P3: Tx100m / 45km / Rx110m,E-FQ,Q22,0.002,0.002,0,0,NA
