Scenario,Variant,Phase,Metric,Mean,Median,P10,P90
S0_Static,C,NORMAL,m_reliability,0.851071,0.856435,0.833866,0.866170
S0_Static,C,NORMAL,Lambda,1.000000,1.000000,1.000000,1.000000
S0_Static,C,NORMAL,R_vb,0.299767,0.272966,0.110729,0.500131
S0_Static,C,NORMAL,R_eff,0.299767,0.272966,0.110729,0.500131
S0_Static,C,NORMAL,R_eff_R_vb,1.000000,1.000000,1.000000,1.000000
S0_Static,C,NORMAL,K_delay,0.670498,0.681562,0.496400,0.831394
S0_Static,C,NORMAL,Q11,0.330397,0.350116,0.096307,0.519840
S0_Static,C,NORMAL,Q22,0.002009,0.001932,0.001496,0.002726
S0_Static,C,NORMAL,tracking_error,0.295335,0.299905,-0.183484,0.786322
S0_Static,E,NORMAL,m_reliability,0.850223,0.855112,0.833680,0.865769
S0_Static,E,NORMAL,Lambda,1.373970,1.357798,1.325440,1.426530
S0_Static,E,NORMAL,R_vb,0.443336,0.468201,0.291854,0.542808
S0_Static,E,NORMAL,R_eff,0.608808,0.643819,0.404134,0.746367
S0_Static,E,NORMAL,R_eff_R_vb,1.373970,1.357798,1.325440,1.426530
S0_Static,E,NORMAL,K_delay,0.571075,0.545598,0.415922,0.750128
S0_Static,E,NORMAL,Q11,0.293719,0.236286,0.123781,0.567881
S0_Static,E,NORMAL,Q22,0.022889,0.008559,0.001569,0.072501
S0_Static,E,NORMAL,tracking_error,0.261208,0.263766,-0.152882,0.676778
S0_Static,E-VB-only,NORMAL,m_reliability,0.844496,0.849393,0.831890,0.865281
S0_Static,E-VB-only,NORMAL,Lambda,1.000000,1.000000,1.000000,1.000000
S0_Static,E-VB-only,NORMAL,R_vb,0.142152,0.141531,0.107133,0.173223
S0_Static,E-VB-only,NORMAL,R_eff,0.142152,0.141531,0.107133,0.173223
S0_Static,E-VB-only,NORMAL,R_eff_R_vb,1.000000,1.000000,1.000000,1.000000
S0_Static,E-VB-only,NORMAL,K_delay,0.923487,0.931434,0.879346,0.955672
S0_Static,E-VB-only,NORMAL,Q11,1.402577,1.399003,0.681947,2.093746
S0_Static,E-VB-only,NORMAL,Q22,0.063840,0.052975,0.023484,0.118932
S0_Static,E-VB-only,NORMAL,tracking_error,0.276743,0.274495,-0.548838,1.112244
S0_Static,E-CAL,NORMAL,rho_raw,0.846143,0.840125,0.799219,0.891676
S0_Static,E-CAL,NORMAL,rho_relative,0.976921,1.000000,0.940457,1.000000
S0_Static,E-CAL,NORMAL,m_reliability,0.976746,0.993860,0.907201,1.000000
S0_Static,E-CAL,NORMAL,Lambda,1.027230,1.007843,1.000000,1.054415
S0_Static,E-CAL,NORMAL,R_vb,0.158678,0.159111,0.122832,0.203112
S0_Static,E-CAL,NORMAL,R_eff,0.163019,0.161444,0.127019,0.211537
S0_Static,E-CAL,NORMAL,R_eff_R_vb,1.027230,1.007843,1.000000,1.054415
S0_Static,E-CAL,NORMAL,K_delay,0.916670,0.921386,0.883214,0.949026
S0_Static,E-CAL,NORMAL,Q11,1.407069,1.388352,0.789147,2.057295
S0_Static,E-CAL,NORMAL,Q22,0.064553,0.053653,0.026254,0.118129
S0_Static,E-CAL,NORMAL,tracking_error,0.267400,0.270212,-0.549185,1.108873
S1_Warp,C,NORMAL,m_reliability,0.861940,0.868475,0.847300,0.883002
S1_Warp,C,NORMAL,Lambda,1.000000,1.000000,1.000000,1.000000
S1_Warp,C,NORMAL,R_vb,0.297817,0.268568,0.086292,0.539318
S1_Warp,C,NORMAL,R_eff,0.297817,0.268568,0.086292,0.539318
S1_Warp,C,NORMAL,R_eff_R_vb,1.000000,1.000000,1.000000,1.000000
S1_Warp,C,NORMAL,K_delay,0.666109,0.665768,0.489697,0.852586
S1_Warp,C,NORMAL,Q11,0.287909,0.300555,0.094871,0.450926
S1_Warp,C,NORMAL,Q22,0.002015,0.001904,0.001435,0.002799
S1_Warp,C,NORMAL,tracking_error,-0.389610,-0.389161,-0.865675,0.064840
S1_Warp,E,NORMAL,m_reliability,0.861495,0.868723,0.845348,0.890593
S1_Warp,E,NORMAL,Lambda,1.361024,1.316673,1.254373,1.388487
S1_Warp,E,NORMAL,R_vb,0.876450,0.672250,0.422255,1.694507
S1_Warp,E,NORMAL,R_eff,1.227423,0.892139,0.554377,2.308970
S1_Warp,E,NORMAL,R_eff_R_vb,1.361024,1.316673,1.254373,1.388487
S1_Warp,E,NORMAL,K_delay,0.332530,0.310870,0.259455,0.431411
S1_Warp,E,NORMAL,Q11,0.084720,0.050705,0.025959,0.202281
S1_Warp,E,NORMAL,Q22,0.004853,0.000758,0.000136,0.017561
S1_Warp,E,NORMAL,tracking_error,-2.332974,-2.354565,-2.632263,-2.060984
S1_Warp,E-VB-only,NORMAL,m_reliability,0.848977,0.862295,0.814146,0.878620
S1_Warp,E-VB-only,NORMAL,Lambda,1.000000,1.000000,1.000000,1.000000
S1_Warp,E-VB-only,NORMAL,R_vb,0.124085,0.123701,0.115834,0.132329
S1_Warp,E-VB-only,NORMAL,R_eff,0.124085,0.123701,0.115834,0.132329
S1_Warp,E-VB-only,NORMAL,R_eff_R_vb,1.000000,1.000000,1.000000,1.000000
S1_Warp,E-VB-only,NORMAL,K_delay,0.931882,0.932701,0.908681,0.954652
S1_Warp,E-VB-only,NORMAL,Q11,1.364070,1.266477,0.753224,2.077775
S1_Warp,E-VB-only,NORMAL,Q22,0.069662,0.049960,0.022431,0.145656
S1_Warp,E-VB-only,NORMAL,tracking_error,-0.420805,-0.418372,-1.250875,0.394064
S1_Warp,E-CAL,NORMAL,rho_raw,0.855325,0.857825,0.812347,0.895371
S1_Warp,E-CAL,NORMAL,rho_relative,0.962185,0.977103,0.897914,1.000000
S1_Warp,E-CAL,NORMAL,m_reliability,0.960112,0.976455,0.897087,0.996684
S1_Warp,E-CAL,NORMAL,Lambda,1.055880,1.040771,1.000000,1.115556
S1_Warp,E-CAL,NORMAL,R_vb,0.156104,0.152326,0.127467,0.192613
S1_Warp,E-CAL,NORMAL,R_eff,0.165065,0.160483,0.131476,0.205211
S1_Warp,E-CAL,NORMAL,R_eff_R_vb,1.055880,1.040771,1.000000,1.115556
S1_Warp,E-CAL,NORMAL,K_delay,0.901766,0.907949,0.855975,0.937086
S1_Warp,E-CAL,NORMAL,Q11,1.147504,1.072351,0.665268,1.740620
S1_Warp,E-CAL,NORMAL,Q22,0.064740,0.043322,0.018660,0.143198
S1_Warp,E-CAL,NORMAL,tracking_error,-0.416162,-0.421208,-1.153998,0.325993
S2_Fade,C,NORMAL,m_reliability,0.825850,0.844699,0.764922,0.866516
S2_Fade,C,NORMAL,Lambda,1.000000,1.000000,1.000000,1.000000
S2_Fade,C,NORMAL,R_vb,0.343392,0.303494,0.112223,0.623293
S2_Fade,C,NORMAL,R_eff,0.343392,0.303494,0.112223,0.623293
S2_Fade,C,NORMAL,R_eff_R_vb,1.000000,1.000000,1.000000,1.000000
S2_Fade,C,NORMAL,K_delay,0.658589,0.659249,0.488578,0.825814
S2_Fade,C,NORMAL,Q11,0.337943,0.364430,0.104664,0.527652
S2_Fade,C,NORMAL,Q22,0.002045,0.001956,0.001519,0.002788
S2_Fade,C,NORMAL,tracking_error,0.198230,0.193229,-0.306714,0.713846
S2_Fade,C,PRE,m_reliability,0.850979,0.853635,0.833416,0.866538
S2_Fade,C,PRE,Lambda,1.000000,1.000000,1.000000,1.000000
S2_Fade,C,PRE,R_vb,0.397099,0.377723,0.100000,0.587877
S2_Fade,C,PRE,R_eff,0.397099,0.377723,0.100000,0.587877
S2_Fade,C,PRE,R_eff_R_vb,1.000000,1.000000,1.000000,1.000000
S2_Fade,C,PRE,K_delay,0.560004,0.558041,0.419526,0.703224
S2_Fade,C,PRE,Q11,0.166842,0.169871,0.050000,0.267759
S2_Fade,C,PRE,Q22,0.002542,0.002527,0.002000,0.003109
S2_Fade,C,PRE,tracking_error,0.163359,0.160141,-0.257091,0.574702
S2_Fade,C,FADE,m_reliability,0.681324,0.705533,0.505865,0.815652
S2_Fade,C,FADE,Lambda,1.000000,1.000000,1.000000,1.000000
S2_Fade,C,FADE,R_vb,0.414666,0.390045,0.192476,0.662839
S2_Fade,C,FADE,R_eff,0.414666,0.390045,0.192476,0.662839
S2_Fade,C,FADE,R_eff_R_vb,1.000000,1.000000,1.000000,1.000000
S2_Fade,C,FADE,K_delay,0.632240,0.622900,0.534108,0.739034
S2_Fade,C,FADE,Q11,0.338709,0.339738,0.289498,0.395554
S2_Fade,C,FADE,Q22,0.002056,0.002068,0.001873,0.002248
S2_Fade,C,FADE,tracking_error,0.214852,0.210848,-0.363770,0.759817
S2_Fade,C,POST,m_reliability,0.851206,0.851146,0.834374,0.867547
S2_Fade,C,POST,Lambda,1.000000,1.000000,1.000000,1.000000
S2_Fade,C,POST,R_vb,0.279604,0.215862,0.107497,0.615936
S2_Fade,C,POST,R_eff,0.279604,0.215862,0.107497,0.615936
S2_Fade,C,POST,R_eff_R_vb,1.000000,1.000000,1.000000,1.000000
S2_Fade,C,POST,K_delay,0.743253,0.756927,0.600406,0.851068
S2_Fade,C,POST,Q11,0.470457,0.468186,0.386891,0.564704
S2_Fade,C,POST,Q22,0.001655,0.001644,0.001434,0.001887
S2_Fade,C,POST,tracking_error,0.220125,0.223558,-0.339441,0.765429
S2_Fade,E,NORMAL,m_reliability,0.824933,0.843202,0.770890,0.866419
S2_Fade,E,NORMAL,Lambda,1.513107,1.395370,1.323504,1.660505
S2_Fade,E,NORMAL,R_vb,0.527050,0.576454,0.293802,0.711513
S2_Fade,E,NORMAL,R_eff,0.810804,0.805385,0.401452,1.138031
S2_Fade,E,NORMAL,R_eff_R_vb,1.513107,1.395370,1.323504,1.660505
S2_Fade,E,NORMAL,K_delay,0.516891,0.444471,0.347492,0.740523
S2_Fade,E,NORMAL,Q11,0.255970,0.184313,0.085155,0.526183
S2_Fade,E,NORMAL,Q22,0.020165,0.006211,0.000874,0.064438
S2_Fade,E,NORMAL,tracking_error,0.153849,0.146385,-0.245605,0.570070
S2_Fade,E,PRE,m_reliability,0.850049,0.848625,0.833292,0.866351
S2_Fade,E,PRE,Lambda,1.374570,1.378071,1.323707,1.427820
S2_Fade,E,PRE,R_vb,0.347990,0.361303,0.212316,0.470615
S2_Fade,E,PRE,R_eff,0.478707,0.495442,0.298101,0.652870
S2_Fade,E,PRE,R_eff_R_vb,1.374570,1.378071,1.323707,1.427820
S2_Fade,E,PRE,K_delay,0.705257,0.707780,0.612972,0.771526
S2_Fade,E,PRE,Q11,0.436249,0.413804,0.284161,0.640880
S2_Fade,E,PRE,Q22,0.047290,0.040930,0.016211,0.085865
S2_Fade,E,PRE,tracking_error,0.213385,0.211608,-0.323149,0.724613
S2_Fade,E,FADE,m_reliability,0.679464,0.701098,0.507352,0.808196
S2_Fade,E,FADE,Lambda,2.311050,1.994019,1.515198,3.676949
S2_Fade,E,FADE,R_vb,0.603980,0.603582,0.423918,0.823444
S2_Fade,E,FADE,R_eff,1.412177,1.253744,0.693150,2.360634
S2_Fade,E,FADE,R_eff_R_vb,2.311050,1.994019,1.515198,3.676949
S2_Fade,E,FADE,K_delay,0.472629,0.459844,0.368784,0.582655
S2_Fade,E,FADE,Q11,0.264413,0.240287,0.172310,0.405140
S2_Fade,E,FADE,Q22,0.010650,0.009632,0.005536,0.017391
S2_Fade,E,FADE,tracking_error,0.143687,0.121657,-0.268734,0.615703
S2_Fade,E,POST,m_reliability,0.850592,0.848354,0.833908,0.867615
S2_Fade,E,POST,Lambda,1.372954,1.378929,1.319953,1.425771
S2_Fade,E,POST,R_vb,0.642100,0.626833,0.571621,0.738897
S2_Fade,E,POST,R_eff,0.881833,0.854211,0.780541,1.024111
S2_Fade,E,POST,R_eff_R_vb,1.372954,1.378929,1.319953,1.425771
S2_Fade,E,POST,K_delay,0.384483,0.379320,0.340081,0.435208
S2_Fade,E,POST,Q11,0.113479,0.104706,0.079335,0.159955
S2_Fade,E,POST,Q22,0.002073,0.001532,0.000721,0.004206
S2_Fade,E,POST,tracking_error,0.110811,0.116451,-0.211958,0.403338
S2_Fade,E-VB-only,NORMAL,m_reliability,0.818154,0.844948,0.749784,0.866320
S2_Fade,E-VB-only,NORMAL,Lambda,1.000000,1.000000,1.000000,1.000000
S2_Fade,E-VB-only,NORMAL,R_vb,0.143991,0.143286,0.111187,0.174552
S2_Fade,E-VB-only,NORMAL,R_eff,0.143991,0.143286,0.111187,0.174552
S2_Fade,E-VB-only,NORMAL,R_eff_R_vb,1.000000,1.000000,1.000000,1.000000
S2_Fade,E-VB-only,NORMAL,K_delay,0.924067,0.929483,0.890393,0.952705
S2_Fade,E-VB-only,NORMAL,Q11,1.441259,1.441048,0.754947,2.134844
S2_Fade,E-VB-only,NORMAL,Q22,0.060080,0.051381,0.022457,0.114703
S2_Fade,E-VB-only,NORMAL,tracking_error,0.179273,0.173070,-0.657362,1.011768
S2_Fade,E-VB-only,PRE,m_reliability,0.841761,0.846782,0.818224,0.866513
S2_Fade,E-VB-only,PRE,Lambda,1.000000,1.000000,1.000000,1.000000
S2_Fade,E-VB-only,PRE,R_vb,0.141179,0.141950,0.108702,0.174924
S2_Fade,E-VB-only,PRE,R_eff,0.141179,0.141950,0.108702,0.174924
S2_Fade,E-VB-only,PRE,R_eff_R_vb,1.000000,1.000000,1.000000,1.000000
S2_Fade,E-VB-only,PRE,K_delay,0.918964,0.926176,0.877087,0.952831
S2_Fade,E-VB-only,PRE,Q11,1.255296,1.250360,0.457770,2.047396
S2_Fade,E-VB-only,PRE,Q22,0.094240,0.093448,0.054162,0.141154
S2_Fade,E-VB-only,PRE,tracking_error,0.184673,0.168418,-0.626088,0.990081
S2_Fade,E-VB-only,FADE,m_reliability,0.669237,0.694958,0.487313,0.810204
S2_Fade,E-VB-only,FADE,Lambda,1.000000,1.000000,1.000000,1.000000
S2_Fade,E-VB-only,FADE,R_vb,0.147279,0.145108,0.115484,0.179132
S2_Fade,E-VB-only,FADE,R_eff,0.147279,0.145108,0.115484,0.179132
S2_Fade,E-VB-only,FADE,R_eff_R_vb,1.000000,1.000000,1.000000,1.000000
S2_Fade,E-VB-only,FADE,K_delay,0.935188,0.940446,0.912280,0.953196
S2_Fade,E-VB-only,FADE,Q11,1.757393,1.667034,1.022170,2.390757
S2_Fade,E-VB-only,FADE,Q22,0.059943,0.059415,0.038071,0.080696
S2_Fade,E-VB-only,FADE,tracking_error,0.153696,0.098684,-0.822405,1.178280
S2_Fade,E-VB-only,POST,m_reliability,0.846053,0.849729,0.831700,0.866851
S2_Fade,E-VB-only,POST,Lambda,1.000000,1.000000,1.000000,1.000000
S2_Fade,E-VB-only,POST,R_vb,0.145152,0.143412,0.115615,0.173871
S2_Fade,E-VB-only,POST,R_eff,0.145152,0.143412,0.115615,0.173871
S2_Fade,E-VB-only,POST,R_eff_R_vb,1.000000,1.000000,1.000000,1.000000
S2_Fade,E-VB-only,POST,K_delay,0.924574,0.929092,0.893477,0.952456
S2_Fade,E-VB-only,POST,Q11,1.487431,1.446133,0.890745,2.115503
S2_Fade,E-VB-only,POST,Q22,0.033619,0.031106,0.019706,0.053219
S2_Fade,E-VB-only,POST,tracking_error,0.183021,0.211548,-0.628771,1.003117
S2_Fade,E-CAL,NORMAL,rho_raw,0.823396,0.838584,0.731494,0.891886
S2_Fade,E-CAL,NORMAL,rho_relative,0.952168,0.994208,0.837299,1.000000
S2_Fade,E-CAL,NORMAL,m_reliability,0.951853,0.991145,0.845577,1.000000
S2_Fade,E-CAL,NORMAL,Lambda,1.121339,1.012756,1.000000,1.242367
S2_Fade,E-CAL,NORMAL,R_vb,0.236825,0.258015,0.134919,0.330787
S2_Fade,E-CAL,NORMAL,R_eff,0.266194,0.267305,0.141843,0.385728
S2_Fade,E-CAL,NORMAL,R_eff_R_vb,1.121339,1.012756,1.000000,1.242367
S2_Fade,E-CAL,NORMAL,K_delay,0.848499,0.845785,0.756441,0.933413
S2_Fade,E-CAL,NORMAL,Q11,1.033724,0.999502,0.477703,1.584779
S2_Fade,E-CAL,NORMAL,Q22,0.052322,0.039529,0.013365,0.114070
S2_Fade,E-CAL,NORMAL,tracking_error,0.184756,0.177020,-0.539902,0.924365
S2_Fade,E-CAL,PRE,rho_raw,0.844074,0.839654,0.799528,0.893345
S2_Fade,E-CAL,PRE,rho_relative,0.958537,0.991010,0.842503,1.000000
S2_Fade,E-CAL,PRE,m_reliability,0.958570,0.987227,0.850555,1.000000
S2_Fade,E-CAL,PRE,Lambda,1.030288,1.010622,1.000000,1.058247
S2_Fade,E-CAL,PRE,R_vb,0.149435,0.153443,0.112996,0.187596
S2_Fade,E-CAL,PRE,R_eff,0.154119,0.157382,0.113847,0.192067
S2_Fade,E-CAL,PRE,R_eff_R_vb,1.030288,1.010622,1.000000,1.058247
S2_Fade,E-CAL,PRE,K_delay,0.912055,0.920888,0.872611,0.946129
S2_Fade,E-CAL,PRE,Q11,1.201274,1.209162,0.457770,1.921750
S2_Fade,E-CAL,PRE,Q22,0.093346,0.091116,0.054392,0.142220
S2_Fade,E-CAL,PRE,tracking_error,0.158449,0.133632,-0.629773,0.957537
S2_Fade,E-CAL,FADE,rho_raw,0.678030,0.699230,0.507893,0.824294
S2_Fade,E-CAL,FADE,rho_relative,0.806389,0.834485,0.602036,0.981734
S2_Fade,E-CAL,FADE,m_reliability,0.805325,0.846006,0.591588,0.965376
S2_Fade,E-CAL,FADE,Lambda,1.688734,1.386394,1.071485,2.756981
S2_Fade,E-CAL,FADE,R_vb,0.237840,0.226151,0.157245,0.338163
S2_Fade,E-CAL,FADE,R_eff,0.407718,0.365584,0.175217,0.702391
S2_Fade,E-CAL,FADE,R_eff_R_vb,1.688734,1.386394,1.071485,2.756981
S2_Fade,E-CAL,FADE,K_delay,0.829113,0.834400,0.730658,0.914086
S2_Fade,E-CAL,FADE,Q11,1.193386,1.228438,0.700873,1.534714
S2_Fade,E-CAL,FADE,Q22,0.047576,0.048088,0.031303,0.063953
S2_Fade,E-CAL,FADE,tracking_error,0.171020,0.115113,-0.658714,0.981292
S2_Fade,E-CAL,POST,rho_raw,0.852465,0.842308,0.814268,0.892625
S2_Fade,E-CAL,POST,rho_relative,0.992468,1.000000,0.973293,1.000000
S2_Fade,E-CAL,POST,m_reliability,0.992117,0.995697,0.977033,1.000000
S2_Fade,E-CAL,POST,Lambda,1.015895,1.008490,1.000000,1.046590
S2_Fade,E-CAL,POST,R_vb,0.304314,0.304757,0.259202,0.362023
S2_Fade,E-CAL,POST,R_eff,0.309227,0.309134,0.260957,0.367136
S2_Fade,E-CAL,POST,R_eff_R_vb,1.015895,1.008490,1.000000,1.046590
S2_Fade,E-CAL,POST,K_delay,0.805205,0.814464,0.736853,0.853214
S2_Fade,E-CAL,POST,Q11,0.854179,0.857959,0.459366,1.226439
S2_Fade,E-CAL,POST,Q22,0.021967,0.019498,0.011469,0.036061
S2_Fade,E-CAL,POST,tracking_error,0.209430,0.226607,-0.455932,0.851646
S3_Warp_Fade,C,NORMAL,m_reliability,0.836602,0.866819,0.744079,0.883896
S3_Warp_Fade,C,NORMAL,Lambda,1.000000,1.000000,1.000000,1.000000
S3_Warp_Fade,C,NORMAL,R_vb,0.313309,0.289795,0.076300,0.582471
S3_Warp_Fade,C,NORMAL,R_eff,0.313309,0.289795,0.076300,0.582471
S3_Warp_Fade,C,NORMAL,R_eff_R_vb,1.000000,1.000000,1.000000,1.000000
S3_Warp_Fade,C,NORMAL,K_delay,0.661916,0.649674,0.488721,0.864966
S3_Warp_Fade,C,NORMAL,Q11,0.291521,0.317425,0.095977,0.453615
S3_Warp_Fade,C,NORMAL,Q22,0.002003,0.001909,0.001422,0.002816
S3_Warp_Fade,C,NORMAL,tracking_error,-0.393439,-0.402004,-0.859725,0.069163
S3_Warp_Fade,C,PRE,m_reliability,0.855755,0.869730,0.844223,0.890199
S3_Warp_Fade,C,PRE,Lambda,1.000000,1.000000,1.000000,1.000000
S3_Warp_Fade,C,PRE,R_vb,0.332708,0.331507,0.100000,0.589640
S3_Warp_Fade,C,PRE,R_eff,0.332708,0.331507,0.100000,0.589640
S3_Warp_Fade,C,PRE,R_eff_R_vb,1.000000,1.000000,1.000000,1.000000
S3_Warp_Fade,C,PRE,K_delay,0.583745,0.557568,0.440941,0.798114
S3_Warp_Fade,C,PRE,Q11,0.147633,0.146809,0.050000,0.237603
S3_Warp_Fade,C,PRE,Q22,0.002537,0.002498,0.002000,0.003179
S3_Warp_Fade,C,PRE,tracking_error,-0.380190,-0.367341,-0.793004,0.000000
S3_Warp_Fade,C,FADE,m_reliability,0.690846,0.713409,0.511384,0.823453
S3_Warp_Fade,C,FADE,Lambda,1.000000,1.000000,1.000000,1.000000
S3_Warp_Fade,C,FADE,R_vb,0.415227,0.381773,0.182021,0.655478
S3_Warp_Fade,C,FADE,R_eff,0.415227,0.381773,0.182021,0.655478
S3_Warp_Fade,C,FADE,R_eff_R_vb,1.000000,1.000000,1.000000,1.000000
S3_Warp_Fade,C,FADE,K_delay,0.609428,0.592952,0.514823,0.713424
S3_Warp_Fade,C,FADE,Q11,0.294146,0.292635,0.231631,0.358327
S3_Warp_Fade,C,FADE,Q22,0.002020,0.002015,0.001821,0.002210
S3_Warp_Fade,C,FADE,tracking_error,-0.409491,-0.437897,-0.887702,0.076960
S3_Warp_Fade,C,POST,m_reliability,0.866977,0.869654,0.848544,0.882894
S3_Warp_Fade,C,POST,Lambda,1.000000,1.000000,1.000000,1.000000
S3_Warp_Fade,C,POST,R_vb,0.266628,0.225173,0.051478,0.543769
S3_Warp_Fade,C,POST,R_eff,0.266628,0.225173,0.051478,0.543769
S3_Warp_Fade,C,POST,R_eff_R_vb,1.000000,1.000000,1.000000,1.000000
S3_Warp_Fade,C,POST,K_delay,0.738856,0.731390,0.587120,0.904090
S3_Warp_Fade,C,POST,Q11,0.402344,0.392651,0.329224,0.484783
S3_Warp_Fade,C,POST,Q22,0.001583,0.001573,0.001339,0.001812
S3_Warp_Fade,C,POST,tracking_error,-0.398736,-0.414881,-0.901793,0.118553
S3_Warp_Fade,E,NORMAL,m_reliability,0.835358,0.866028,0.738499,0.890208
S3_Warp_Fade,E,NORMAL,Lambda,1.498145,1.324668,1.255430,1.804100
S3_Warp_Fade,E,NORMAL,R_vb,0.940741,0.848186,0.448061,1.699809
S3_Warp_Fade,E,NORMAL,R_eff,1.434590,1.259464,0.590776,2.482119
S3_Warp_Fade,E,NORMAL,R_eff_R_vb,1.498145,1.324668,1.255430,1.804100
S3_Warp_Fade,E,NORMAL,K_delay,0.316165,0.282379,0.234322,0.432009
S3_Warp_Fade,E,NORMAL,Q11,0.086340,0.048932,0.020896,0.207093
S3_Warp_Fade,E,NORMAL,Q22,0.004943,0.000722,0.000102,0.017679
S3_Warp_Fade,E,NORMAL,tracking_error,-2.319109,-2.341648,-2.620910,-2.056622
S3_Warp_Fade,E,PRE,m_reliability,0.850392,0.868665,0.842639,0.891852
S3_Warp_Fade,E,PRE,Lambda,1.430353,1.316845,1.250920,1.397182
S3_Warp_Fade,E,PRE,R_vb,1.436338,1.369005,0.988948,2.003153
S3_Warp_Fade,E,PRE,R_eff,2.081830,1.835374,1.323181,2.824708
S3_Warp_Fade,E,PRE,R_eff_R_vb,1.430353,1.316845,1.250920,1.397182
S3_Warp_Fade,E,PRE,K_delay,0.411941,0.405245,0.351603,0.478031
S3_Warp_Fade,E,PRE,Q11,0.169577,0.162587,0.088527,0.262260
S3_Warp_Fade,E,PRE,Q22,0.012513,0.008691,0.002593,0.028468
S3_Warp_Fade,E,PRE,tracking_error,-2.340470,-2.420031,-2.727438,-2.045299
S3_Warp_Fade,E,FADE,m_reliability,0.691527,0.721765,0.512350,0.822136
S3_Warp_Fade,E,FADE,Lambda,2.243799,1.885595,1.465713,3.610614
S3_Warp_Fade,E,FADE,R_vb,0.896889,0.899003,0.822840,0.966659
S3_Warp_Fade,E,FADE,R_eff,2.012298,1.681161,1.268225,3.144871
S3_Warp_Fade,E,FADE,R_eff_R_vb,2.243799,1.885595,1.465713,3.610614
S3_Warp_Fade,E,FADE,K_delay,0.275017,0.291027,0.199923,0.328284
S3_Warp_Fade,E,FADE,Q11,0.061980,0.060546,0.042244,0.085969
S3_Warp_Fade,E,FADE,Q22,0.001210,0.001102,0.000683,0.001848
S3_Warp_Fade,E,FADE,tracking_error,-2.309784,-2.308122,-2.612336,-2.048568
S3_Warp_Fade,E,POST,m_reliability,0.868330,0.869763,0.846574,0.892328
S3_Warp_Fade,E,POST,Lambda,1.319332,1.313607,1.249620,1.384577
S3_Warp_Fade,E,POST,R_vb,0.569835,0.544903,0.410183,0.774817
S3_Warp_Fade,E,POST,R_eff,0.753132,0.711872,0.538776,1.039153
S3_Warp_Fade,E,POST,R_eff_R_vb,1.319332,1.313607,1.249620,1.384577
S3_Warp_Fade,E,POST,K_delay,0.254626,0.252541,0.231572,0.282819
S3_Warp_Fade,E,POST,Q11,0.029320,0.028018,0.018573,0.041847
S3_Warp_Fade,E,POST,Q22,0.000227,0.000177,0.000083,0.000465
S3_Warp_Fade,E,POST,tracking_error,-2.305430,-2.314204,-2.534632,-2.071530
S3_Warp_Fade,E-VB-only,NORMAL,m_reliability,0.823579,0.855721,0.738298,0.878074
S3_Warp_Fade,E-VB-only,NORMAL,Lambda,1.000000,1.000000,1.000000,1.000000
S3_Warp_Fade,E-VB-only,NORMAL,R_vb,0.127177,0.126372,0.117581,0.137852
S3_Warp_Fade,E-VB-only,NORMAL,R_eff,0.127177,0.126372,0.117581,0.137852
S3_Warp_Fade,E-VB-only,NORMAL,R_eff_R_vb,1.000000,1.000000,1.000000,1.000000
S3_Warp_Fade,E-VB-only,NORMAL,K_delay,0.931248,0.936039,0.901359,0.954330
S3_Warp_Fade,E-VB-only,NORMAL,Q11,1.395036,1.345622,0.715663,2.091996
S3_Warp_Fade,E-VB-only,NORMAL,Q22,0.073744,0.054652,0.022003,0.166221
S3_Warp_Fade,E-VB-only,NORMAL,tracking_error,-0.413803,-0.412452,-1.236574,0.407423
S3_Warp_Fade,E-VB-only,PRE,m_reliability,0.838202,0.857185,0.776429,0.882050
S3_Warp_Fade,E-VB-only,PRE,Lambda,1.000000,1.000000,1.000000,1.000000
S3_Warp_Fade,E-VB-only,PRE,R_vb,0.127968,0.127742,0.118247,0.137992
S3_Warp_Fade,E-VB-only,PRE,R_eff,0.127968,0.127742,0.118247,0.137992
S3_Warp_Fade,E-VB-only,PRE,R_eff_R_vb,1.000000,1.000000,1.000000,1.000000
S3_Warp_Fade,E-VB-only,PRE,K_delay,0.938604,0.937718,0.920674,0.958944
S3_Warp_Fade,E-VB-only,PRE,Q11,1.433596,1.269787,0.819631,2.297169
S3_Warp_Fade,E-VB-only,PRE,Q22,0.129494,0.125414,0.073421,0.189322
S3_Warp_Fade,E-VB-only,PRE,tracking_error,-0.383914,-0.382067,-1.271064,0.411136
S3_Warp_Fade,E-VB-only,FADE,m_reliability,0.681587,0.709710,0.490746,0.819173
S3_Warp_Fade,E-VB-only,FADE,Lambda,1.000000,1.000000,1.000000,1.000000
S3_Warp_Fade,E-VB-only,FADE,R_vb,0.127968,0.127406,0.119621,0.138323
S3_Warp_Fade,E-VB-only,FADE,R_eff,0.127968,0.127406,0.119621,0.138323
S3_Warp_Fade,E-VB-only,FADE,R_eff_R_vb,1.000000,1.000000,1.000000,1.000000
S3_Warp_Fade,E-VB-only,FADE,K_delay,0.934188,0.937978,0.907472,0.952360
S3_Warp_Fade,E-VB-only,FADE,Q11,1.437259,1.410120,0.796367,2.029606
S3_Warp_Fade,E-VB-only,FADE,Q22,0.060847,0.059814,0.040579,0.082137
S3_Warp_Fade,E-VB-only,FADE,tracking_error,-0.492517,-0.435730,-1.364324,0.336068
S3_Warp_Fade,E-VB-only,POST,m_reliability,0.856299,0.864804,0.827321,0.879042
S3_Warp_Fade,E-VB-only,POST,Lambda,1.000000,1.000000,1.000000,1.000000
S3_Warp_Fade,E-VB-only,POST,R_vb,0.126317,0.125271,0.115967,0.136696
S3_Warp_Fade,E-VB-only,POST,R_eff,0.126317,0.125271,0.115967,0.136696
S3_Warp_Fade,E-VB-only,POST,R_eff_R_vb,1.000000,1.000000,1.000000,1.000000
S3_Warp_Fade,E-VB-only,POST,K_delay,0.924629,0.933937,0.884748,0.950370
S3_Warp_Fade,E-VB-only,POST,Q11,1.352015,1.372459,0.631435,1.996134
S3_Warp_Fade,E-VB-only,POST,Q22,0.034492,0.033576,0.016719,0.053364
S3_Warp_Fade,E-VB-only,POST,tracking_error,-0.412564,-0.437943,-1.205147,0.425632
S3_Warp_Fade,E-CAL,NORMAL,rho_raw,0.829660,0.852396,0.741919,0.894981
S3_Warp_Fade,E-CAL,NORMAL,rho_relative,0.937704,0.974954,0.840667,1.000000
S3_Warp_Fade,E-CAL,NORMAL,m_reliability,0.935543,0.975553,0.820171,1.000000
S3_Warp_Fade,E-CAL,NORMAL,Lambda,1.153681,1.039656,1.000000,1.306544
S3_Warp_Fade,E-CAL,NORMAL,R_vb,0.238734,0.249170,0.128798,0.357635
S3_Warp_Fade,E-CAL,NORMAL,R_eff,0.276729,0.263893,0.132216,0.432201
S3_Warp_Fade,E-CAL,NORMAL,R_eff_R_vb,1.153681,1.039656,1.000000,1.306544
S3_Warp_Fade,E-CAL,NORMAL,K_delay,0.832858,0.838616,0.696292,0.939312
S3_Warp_Fade,E-CAL,NORMAL,Q11,1.030563,0.908918,0.372036,1.847401
S3_Warp_Fade,E-CAL,NORMAL,Q22,0.064304,0.039770,0.009297,0.161776
S3_Warp_Fade,E-CAL,NORMAL,tracking_error,-0.414469,-0.407195,-1.099580,0.252573
S3_Warp_Fade,E-CAL,PRE,rho_raw,0.840663,0.851404,0.779146,0.895121
S3_Warp_Fade,E-CAL,PRE,rho_relative,0.938634,0.964324,0.856943,1.000000
S3_Warp_Fade,E-CAL,PRE,m_reliability,0.933756,0.967760,0.858004,0.997867
S3_Warp_Fade,E-CAL,PRE,Lambda,1.063556,1.038205,1.000000,1.182720
S3_Warp_Fade,E-CAL,PRE,R_vb,0.143892,0.135872,0.122084,0.174357
S3_Warp_Fade,E-CAL,PRE,R_eff,0.153702,0.143252,0.123355,0.193833
S3_Warp_Fade,E-CAL,PRE,R_eff_R_vb,1.063556,1.038205,1.000000,1.182720
S3_Warp_Fade,E-CAL,PRE,K_delay,0.928858,0.929976,0.906097,0.947312
S3_Warp_Fade,E-CAL,PRE,Q11,1.414207,1.271854,0.815959,2.248469
S3_Warp_Fade,E-CAL,PRE,Q22,0.127715,0.120473,0.076635,0.187162
S3_Warp_Fade,E-CAL,PRE,tracking_error,-0.383672,-0.364413,-1.269066,0.403115
S3_Warp_Fade,E-CAL,FADE,rho_raw,0.684540,0.713687,0.495344,0.818936
S3_Warp_Fade,E-CAL,FADE,rho_relative,0.786120,0.822060,0.571526,0.940634
S3_Warp_Fade,E-CAL,FADE,m_reliability,0.785459,0.816688,0.576396,0.941610
S3_Warp_Fade,E-CAL,FADE,Lambda,1.765153,1.484796,1.125048,2.895826
S3_Warp_Fade,E-CAL,FADE,R_vb,0.244657,0.234875,0.153374,0.358701
S3_Warp_Fade,E-CAL,FADE,R_eff,0.439485,0.395948,0.187364,0.739053
S3_Warp_Fade,E-CAL,FADE,R_eff_R_vb,1.765153,1.484796,1.125048,2.895826
S3_Warp_Fade,E-CAL,FADE,K_delay,0.829379,0.827194,0.734389,0.923874
S3_Warp_Fade,E-CAL,FADE,Q11,1.323072,1.238237,0.660661,2.154583
S3_Warp_Fade,E-CAL,FADE,Q22,0.055143,0.050562,0.031404,0.082430
S3_Warp_Fade,E-CAL,FADE,tracking_error,-0.454907,-0.429078,-1.188057,0.184982
S3_Warp_Fade,E-CAL,POST,rho_raw,0.866160,0.865703,0.838504,0.896365
S3_Warp_Fade,E-CAL,POST,rho_relative,0.984025,0.995820,0.952498,1.000000
S3_Warp_Fade,E-CAL,POST,m_reliability,0.983509,0.986458,0.963679,1.000000
S3_Warp_Fade,E-CAL,POST,Lambda,1.033839,1.027087,1.000000,1.075181
S3_Warp_Fade,E-CAL,POST,R_vb,0.310480,0.303723,0.249256,0.395829
S3_Warp_Fade,E-CAL,POST,R_eff,0.321672,0.311590,0.252343,0.415780
S3_Warp_Fade,E-CAL,POST,R_eff_R_vb,1.033839,1.027087,1.000000,1.075181
S3_Warp_Fade,E-CAL,POST,K_delay,0.759454,0.761660,0.675938,0.843169
S3_Warp_Fade,E-CAL,POST,Q11,0.642129,0.591234,0.300842,1.110192
S3_Warp_Fade,E-CAL,POST,Q22,0.017950,0.015927,0.007277,0.031698
S3_Warp_Fade,E-CAL,POST,tracking_error,-0.425814,-0.447235,-0.973854,0.151158
