Profile,Variant,Trials_Total,Trials_Valid,ValidRate,ReceiverFailRate,BER_Valid,FER_Overall,RMSE_Overall_Median,RMSE_PRE_Median,RMSE_FADE_Median,RMSE_POST_Median,RMSE_Overall_P10,RMSE_Overall_P90,RMSE_FADE_P10,RMSE_FADE_P90,Median_m_PRE,Median_m_FADE,Median_m_POST,Median_Reff_Rvb_PRE,Median_Reff_Rvb_FADE,Median_Reff_Rvb_POST,Median_K_PRE,Median_K_FADE,Median_K_POST,Median_Q11,Median_Q22
Profile P1: Tx15m / 20km / Rx34m,IAE,200,200,1.0000,0.0000,0.000000,0.0000,0.5365,0.5052,0.5401,0.5569,0.4961,0.5740,0.4484,0.6217,NaN,NaN,NaN,NaN,1.000000,NaN,NaN,0.625796,NaN,0.296416,0.002065
Profile P1: Tx15m / 20km / Rx34m,VB-FQ,200,200,1.0000,0.0000,0.000000,0.0000,0.4870,0.5003,0.4929,0.4759,0.4500,0.5236,0.4012,0.5786,NaN,NaN,NaN,NaN,1.000000,NaN,NaN,0.420125,NaN,0.050000,0.002000
Profile P1: Tx15m / 20km / Rx34m,E-FQ,200,200,1.0000,0.0000,0.000000,0.0000,0.4730,0.4951,0.4501,0.4619,0.4333,0.5169,0.3535,0.5423,NaN,NaN,NaN,NaN,1.760529,NaN,NaN,0.348523,NaN,0.050000,0.002000
Profile P2: Tx15m / 20km / Rx3467m,IAE,200,200,1.0000,0.0000,0.000000,0.0000,0.4016,0.3560,0.4297,0.4240,0.3763,0.4315,0.3567,0.5161,NaN,NaN,NaN,NaN,1.000000,NaN,NaN,0.592465,NaN,0.278167,0.002049
Profile P2: Tx15m / 20km / Rx3467m,VB-FQ,200,200,1.0000,0.0000,0.000000,0.0000,0.3214,0.3282,0.3429,0.3014,0.2921,0.3504,0.2668,0.4345,NaN,NaN,NaN,NaN,1.000000,NaN,NaN,0.416385,NaN,0.050000,0.002000
Profile P2: Tx15m / 20km / Rx3467m,E-FQ,200,200,1.0000,0.0000,0.000000,0.0000,0.3120,0.3238,0.3051,0.2967,0.2808,0.3463,0.2277,0.4145,NaN,NaN,NaN,NaN,1.564260,NaN,NaN,0.359955,NaN,0.050000,0.002000
Profile P3: Tx100m / 45km / Rx110m,IAE,200,200,1.0000,0.0000,0.000000,0.0000,0.3701,0.3192,0.3801,0.4000,0.3515,0.3916,0.3343,0.4264,NaN,NaN,NaN,NaN,1.000000,NaN,NaN,0.580604,NaN,0.304062,0.002069
Profile P3: Tx100m / 45km / Rx110m,VB-FQ,200,200,1.0000,0.0000,0.000000,0.0000,0.2756,0.2843,0.2862,0.2629,0.2593,0.2912,0.2348,0.3565,NaN,NaN,NaN,NaN,1.000000,NaN,NaN,0.400881,NaN,0.050000,0.002000
Profile P3: Tx100m / 45km / Rx110m,E-FQ,200,200,1.0000,0.0000,0.000000,0.0000,0.2629,0.2787,0.2465,0.2540,0.2470,0.2783,0.1971,0.3034,NaN,NaN,NaN,NaN,1.574329,NaN,NaN,0.350133,NaN,0.050000,0.002000
