Profile,SNR_dB,Variant,Trials_Total,Trials_Valid,ReceiverFailCount,ReceiverFailRate,BitErrors_Valid,Bits_Valid,BER_Valid,BER_Wilson_Lower,BER_Wilson_Upper,FrameErrors_Valid,FER_Valid,FrameErrors_Overall,FER_Overall,FER_Wilson_Lower,FER_Wilson_Upper
Profile P1: Tx15m / 20km / Rx34m,-16,IAE,200,200,0,0.0000,1392,24000,0.058000,0.055113,0.061029,152,0.7600,152,0.7600,0.696265,0.813935
Profile P1: Tx15m / 20km / Rx34m,-15,IAE,200,200,0,0.0000,658,24000,0.027417,0.025425,0.029559,89,0.4450,89,0.4450,0.377805,0.514268
Profile P1: Tx15m / 20km / Rx34m,-14,IAE,200,200,0,0.0000,238,24000,0.009917,0.008739,0.011251,30,0.1500,30,0.1500,0.107135,0.206057
Profile P1: Tx15m / 20km / Rx34m,-13,IAE,200,200,0,0.0000,26,24000,0.001083,0.000739,0.001587,18,0.0900,18,0.0900,0.057687,0.137767
Profile P1: Tx15m / 20km / Rx34m,-12,IAE,200,200,0,0.0000,9,24000,0.000375,0.000197,0.000713,6,0.0300,6,0.0300,0.013820,0.063895
Profile P1: Tx15m / 20km / Rx34m,-11,IAE,200,200,0,0.0000,0,24000,0.000000,0.000000,0.000160,0,0.0000,0,0.0000,0.000000,0.018846
Profile P1: Tx15m / 20km / Rx34m,-10,IAE,200,200,0,0.0000,0,24000,0.000000,0.000000,0.000160,0,0.0000,0,0.0000,0.000000,0.018846
Profile P1: Tx15m / 20km / Rx34m,-16,VB-FQ,200,200,0,0.0000,1070,24000,0.044583,0.042044,0.047268,139,0.6950,139,0.6950,0.628013,0.754637
Profile P1: Tx15m / 20km / Rx34m,-15,VB-FQ,200,200,0,0.0000,544,24000,0.022667,0.020859,0.024628,87,0.4350,87,0.4350,0.368156,0.504294
Profile P1: Tx15m / 20km / Rx34m,-14,VB-FQ,200,200,0,0.0000,100,24000,0.004167,0.003427,0.005065,27,0.1350,27,0.1350,0.094465,0.189293
Profile P1: Tx15m / 20km / Rx34m,-13,VB-FQ,200,200,0,0.0000,9,24000,0.000375,0.000197,0.000713,7,0.0350,7,0.0350,0.017055,0.070471
Profile P1: Tx15m / 20km / Rx34m,-12,VB-FQ,200,200,0,0.0000,25,24000,0.001042,0.000706,0.001537,6,0.0300,6,0.0300,0.013820,0.063895
Profile P1: Tx15m / 20km / Rx34m,-11,VB-FQ,200,200,0,0.0000,2,24000,0.000083,0.000023,0.000304,1,0.0050,1,0.0050,0.000883,0.027774
Profile P1: Tx15m / 20km / Rx34m,-10,VB-FQ,200,200,0,0.0000,0,24000,0.000000,0.000000,0.000160,0,0.0000,0,0.0000,0.000000,0.018846
Profile P1: Tx15m / 20km / Rx34m,-16,E-FQ,200,200,0,0.0000,1773,24000,0.073875,0.070633,0.077253,145,0.7250,145,0.7250,0.659315,0.782204
Profile P1: Tx15m / 20km / Rx34m,-15,E-FQ,200,200,0,0.0000,753,24000,0.031375,0.029243,0.033657,90,0.4500,90,0.4500,0.382639,0.519245
Profile P1: Tx15m / 20km / Rx34m,-14,E-FQ,200,200,0,0.0000,256,24000,0.010667,0.009443,0.012047,27,0.1350,27,0.1350,0.094465,0.189293
Profile P1: Tx15m / 20km / Rx34m,-13,E-FQ,200,200,0,0.0000,64,24000,0.002667,0.002089,0.003404,11,0.0550,11,0.0550,0.030985,0.095788
Profile P1: Tx15m / 20km / Rx34m,-12,E-FQ,200,200,0,0.0000,178,24000,0.007417,0.006407,0.008584,6,0.0300,6,0.0300,0.013820,0.063895
Profile P1: Tx15m / 20km / Rx34m,-11,E-FQ,200,200,0,0.0000,2,24000,0.000083,0.000023,0.000304,1,0.0050,1,0.0050,0.000883,0.027774
Profile P1: Tx15m / 20km / Rx34m,-10,E-FQ,200,200,0,0.0000,0,24000,0.000000,0.000000,0.000160,0,0.0000,0,0.0000,0.000000,0.018846
Profile P2: Tx15m / 20km / Rx3467m,-16,IAE,200,200,0,0.0000,4646,24000,0.193583,0.188634,0.198631,199,0.9950,199,0.9950,0.972226,0.999117
Profile P2: Tx15m / 20km / Rx3467m,-15,IAE,200,200,0,0.0000,3025,24000,0.126042,0.121902,0.130301,196,0.9800,196,0.9800,0.949712,0.992196
Profile P2: Tx15m / 20km / Rx3467m,-14,IAE,200,200,0,0.0000,2179,24000,0.090792,0.087222,0.094492,179,0.8950,179,0.8950,0.844819,0.930293
Profile P2: Tx15m / 20km / Rx3467m,-13,IAE,200,200,0,0.0000,683,24000,0.028458,0.026429,0.030639,121,0.6050,121,0.6050,0.535882,0.670160
Profile P2: Tx15m / 20km / Rx3467m,-12,IAE,200,200,0,0.0000,411,24000,0.017125,0.015559,0.018845,67,0.3350,67,0.3350,0.273240,0.402979
Profile P2: Tx15m / 20km / Rx3467m,-11,IAE,200,200,0,0.0000,45,24000,0.001875,0.001402,0.002508,24,0.1200,24,0.1200,0.081979,0.172344
Profile P2: Tx15m / 20km / Rx3467m,-10,IAE,200,200,0,0.0000,65,24000,0.002708,0.002126,0.003450,6,0.0300,6,0.0300,0.013820,0.063895
Profile P2: Tx15m / 20km / Rx3467m,-16,VB-FQ,200,200,0,0.0000,4030,24000,0.167917,0.163241,0.172699,197,0.9850,197,0.9850,0.956834,0.994886
Profile P2: Tx15m / 20km / Rx3467m,-15,VB-FQ,200,200,0,0.0000,2840,24000,0.118333,0.114308,0.122481,194,0.9700,194,0.9700,0.936105,0.986180
Profile P2: Tx15m / 20km / Rx3467m,-14,VB-FQ,200,200,0,0.0000,1790,24000,0.074583,0.071327,0.077976,161,0.8050,161,0.8050,0.744558,0.853946
Profile P2: Tx15m / 20km / Rx3467m,-13,VB-FQ,200,200,0,0.0000,564,24000,0.023500,0.021658,0.025494,95,0.4750,95,0.4750,0.406915,0.544027
Profile P2: Tx15m / 20km / Rx3467m,-12,VB-FQ,200,200,0,0.0000,388,24000,0.016167,0.014647,0.017841,57,0.2850,57,0.2850,0.226949,0.351155
Profile P2: Tx15m / 20km / Rx3467m,-11,VB-FQ,200,200,0,0.0000,203,24000,0.008458,0.007376,0.009698,14,0.0700,14,0.0700,0.042152,0.114056
Profile P2: Tx15m / 20km / Rx3467m,-10,VB-FQ,200,200,0,0.0000,67,24000,0.002792,0.002199,0.003543,5,0.0250,5,0.0250,0.010725,0.057179
Profile P2: Tx15m / 20km / Rx3467m,-16,E-FQ,200,200,0,0.0000,4453,24000,0.185542,0.180674,0.190510,200,1.0000,200,1.0000,0.981154,1.000000
Profile P2: Tx15m / 20km / Rx3467m,-15,E-FQ,200,200,0,0.0000,3607,24000,0.150292,0.145826,0.154869,193,0.9650,193,0.9650,0.929529,0.982945
Profile P2: Tx15m / 20km / Rx3467m,-14,E-FQ,200,200,0,0.0000,2414,24000,0.100583,0.096842,0.104453,171,0.8550,171,0.8550,0.799512,0.897107
Profile P2: Tx15m / 20km / Rx3467m,-13,E-FQ,200,200,0,0.0000,857,24000,0.035708,0.033434,0.038131,98,0.4900,98,0.4900,0.421562,0.558815
Profile P2: Tx15m / 20km / Rx3467m,-12,E-FQ,200,200,0,0.0000,737,24000,0.030708,0.028600,0.032967,58,0.2900,58,0.2900,0.231539,0.356376
Profile P2: Tx15m / 20km / Rx3467m,-11,E-FQ,200,200,0,0.0000,196,24000,0.008167,0.007104,0.009387,13,0.0650,13,0.0650,0.038376,0.108020
Profile P2: Tx15m / 20km / Rx3467m,-10,E-FQ,200,200,0,0.0000,124,24000,0.005167,0.004335,0.006156,6,0.0300,6,0.0300,0.013820,0.063895
Profile P3: Tx100m / 45km / Rx110m,-16,IAE,200,200,0,0.0000,928,24000,0.038667,0.036300,0.041181,137,0.6850,137,0.6850,0.617649,0.745378
Profile P3: Tx100m / 45km / Rx110m,-15,IAE,200,200,0,0.0000,625,24000,0.026042,0.024101,0.028134,89,0.4450,89,0.4450,0.377805,0.514268
Profile P3: Tx100m / 45km / Rx110m,-14,IAE,200,200,0,0.0000,184,24000,0.007667,0.006639,0.008852,32,0.1600,32,0.1600,0.115673,0.217142
Profile P3: Tx100m / 45km / Rx110m,-13,IAE,200,200,0,0.0000,12,24000,0.000500,0.000286,0.000874,8,0.0400,8,0.0400,0.020405,0.076933
Profile P3: Tx100m / 45km / Rx110m,-12,IAE,200,200,0,0.0000,5,24000,0.000208,0.000089,0.000488,2,0.0100,2,0.0100,0.002747,0.035722
Profile P3: Tx100m / 45km / Rx110m,-11,IAE,200,200,0,0.0000,66,24000,0.002750,0.002162,0.003497,4,0.0200,4,0.0200,0.007804,0.050288
Profile P3: Tx100m / 45km / Rx110m,-10,IAE,200,200,0,0.0000,1,24000,0.000042,0.000007,0.000236,1,0.0050,1,0.0050,0.000883,0.027774
Profile P3: Tx100m / 45km / Rx110m,-16,VB-FQ,200,200,0,0.0000,614,24000,0.025583,0.023660,0.027658,122,0.6100,122,0.6100,0.540936,0.674918
Profile P3: Tx100m / 45km / Rx110m,-15,VB-FQ,200,200,0,0.0000,498,24000,0.020750,0.019022,0.022632,68,0.3400,68,0.3400,0.277914,0.408116
Profile P3: Tx100m / 45km / Rx110m,-14,VB-FQ,200,200,0,0.0000,216,24000,0.009000,0.007881,0.010276,24,0.1200,24,0.1200,0.081979,0.172344
Profile P3: Tx100m / 45km / Rx110m,-13,VB-FQ,200,200,0,0.0000,83,24000,0.003458,0.002791,0.004285,14,0.0700,14,0.0700,0.042152,0.114056
Profile P3: Tx100m / 45km / Rx110m,-12,VB-FQ,200,200,0,0.0000,0,24000,0.000000,0.000000,0.000160,0,0.0000,0,0.0000,0.000000,0.018846
Profile P3: Tx100m / 45km / Rx110m,-11,VB-FQ,200,200,0,0.0000,58,24000,0.002417,0.001870,0.003123,2,0.0100,2,0.0100,0.002747,0.035722
Profile P3: Tx100m / 45km / Rx110m,-10,VB-FQ,200,200,0,0.0000,0,24000,0.000000,0.000000,0.000160,0,0.0000,0,0.0000,0.000000,0.018846
Profile P3: Tx100m / 45km / Rx110m,-16,E-FQ,200,200,0,0.0000,1258,24000,0.052417,0.049668,0.055309,133,0.6650,133,0.6650,0.597021,0.726760
Profile P3: Tx100m / 45km / Rx110m,-15,E-FQ,200,200,0,0.0000,741,24000,0.030875,0.028760,0.033140,73,0.3650,73,0.3650,0.301404,0.433684
Profile P3: Tx100m / 45km / Rx110m,-14,E-FQ,200,200,0,0.0000,260,24000,0.010833,0.009600,0.012224,25,0.1250,25,0.1250,0.086119,0.178015
Profile P3: Tx100m / 45km / Rx110m,-13,E-FQ,200,200,0,0.0000,250,24000,0.010417,0.009208,0.011782,15,0.0750,15,0.0750,0.045975,0.120045
Profile P3: Tx100m / 45km / Rx110m,-12,E-FQ,200,200,0,0.0000,0,24000,0.000000,0.000000,0.000160,0,0.0000,0,0.0000,0.000000,0.018846
Profile P3: Tx100m / 45km / Rx110m,-11,E-FQ,200,200,0,0.0000,56,24000,0.002333,0.001797,0.003029,2,0.0100,2,0.0100,0.002747,0.035722
Profile P3: Tx100m / 45km / Rx110m,-10,E-FQ,200,200,0,0.0000,3,24000,0.000125,0.000043,0.000367,1,0.0050,1,0.0050,0.000883,0.027774
